Title,Authors,First Publish Year,Publisher,Pages,Language,ISBN,OpenLibrary URL
Python For Data Analysis,Wes McKinney,2012,"O'Reilly Media, Incorporated, O'Reilly Media, Inc.",508,eng,1449323626,https://openlibrary.org/works/OL17422847W
Fluent Python,Luciano Ramalho,2015,"O'Reilly, O’Reilly Media",821,eng,9788575224625,https://openlibrary.org/works/OL19932156W
Black Hat Python,"Justin Seitz, Tim Arnold",2014,"No Starch Press, Wydawnictwo Helion",192,"eng, pol",1718501129,https://openlibrary.org/works/OL19547345W
Python Cookbook,"Alex Martelli, David Ascher, David M. Beazley, Brian K. Jones",2002,"O'Reilly Media, Shroff Publishers and Distributors Pvt. Ltd.",757,eng,9780596001674,https://openlibrary.org/works/OL14873289W
Core Python Programming,R. Nageswara Rao,2016,"2017, Dreamtech Press",N/A,"eng, hin",9789351199427,https://openlibrary.org/works/OL30906747W
Automate the Boring Stuff with Python,Al Sweigart,2015,"No Starch Press, CreateSpace Independent Publishing Platform",506,"chi, eng",1718503407,https://openlibrary.org/works/OL17192141W
Think Python,"Allen B. Downey, Allen Downey",2009,"O'Reilly Media, Incorporated, O’Reilly Media",228,eng,9781098155438,https://openlibrary.org/works/OL16976951W
Python,Joshua Welsh,2017,CreateSpace Independent Publishing Platform,384,eng,9781543252217,https://openlibrary.org/works/OL20212390W
Core Python programming,Wesley Chun,2006,"Pearson Education, Prentice Hall",1077,eng,9780132269933,https://openlibrary.org/works/OL12409294W
Effective Python,Brett Slatkin,2015,"Addison-Wesley, Pearson Education, Limited",480,eng,0134034406,https://openlibrary.org/works/OL17192267W
"Python Crash Course, 2nd Edition",Eric Matthes,2019,No Starch Press,544,eng,1593279280,https://openlibrary.org/works/OL20155144W
"Python, The Complete Reference",Martin C. Brown,2001,"McGraw-Hill/OsborneMedia, Osborne/McGraw-Hill",1200,eng,007212718X,https://openlibrary.org/works/OL725930W
"Python Crash Course, 3rd Edition",Eric Matthes,2022,"No Starch Press, Incorporated",N/A,eng,9781718502703,https://openlibrary.org/works/OL28018702W
Beginning Python,James R. Payne,2010,"John Wiley & Sons Inc, Wiley & Sons, Incorporated, John",624,eng,047062664X,https://openlibrary.org/works/OL15181426W
Head First Python,Paul Barry,2010,"O'Reilly Verlag GmbH & Co. KG, O'Reilly Media",624,"ger, eng",9781336017818,https://openlibrary.org/works/OL15664278W
Deep Learning with Python,"Francois Chollet, Matthew Watson, Matthew Watson",2017,"Manning Publications, Manning Publications Co. LLC",524,eng,1617296864,https://openlibrary.org/works/OL19541947W
Python,Byron Francis,2016,[Byron Francis],106,eng,1535483830,https://openlibrary.org/works/OL27302751W
Data science from scratch,Joel Grus,2015,"O'Reilly Media, Incorporated, O'Reilly Media",330,eng,9781491904398,https://openlibrary.org/works/OL20006690W
Introduction to Machine Learning with Python,"Andreas C. Mueller, Sarah Guido",2016,"O'Reilly Media, Inc., O'Reilly Media, Incorporated",376,eng,9789352134571,https://openlibrary.org/works/OL17357597W
Python for Everybody,Charles R. Severance,2016,Independently Published,255,"eng, spa",1530051126,https://openlibrary.org/works/OL19546442W
Python crash course,Eric Matthes,2015,"No Starch Press, No Starch Press, Incorporated",543,eng,1593277407,https://openlibrary.org/works/OL17920482W
Python Basics,"David Amos, Dan Bader, Joanna Jablonski, Fletcher Heisler",2021,Real Python (realpython.com),635,eng,1775093328,https://openlibrary.org/works/OL24337267W
Pythons' Autobiography by the Pythons,"Monty Python, Graham Chapman, John Cleese, Terry Gilliam, Eric Idle, Terry Jones, Michael Palin, et al, Bob McCabe",2003,"Thomas Dunne Books, Orion (an Imprint of the Orion Publishing Group LT",364,"eng, und",1409156788,https://openlibrary.org/works/OL14947004W
Programming in Python 3,Mark Summerfield,2009,"Alta Books, Addison-Wesley",630,eng,9780321606594,https://openlibrary.org/works/OL7952996W
Python Distilled,David M. Beazley,2021,"Pearson Education, Limited",N/A,eng,0134173368,https://openlibrary.org/works/OL25803481W
Python,Martin Evans,2018,"Independently Published, Independently published",48,eng,1720455600,https://openlibrary.org/works/OL29454703W
Python Programming,Reema Thareja,2019,Oxford University Press India,N/A,eng,0199480176,https://openlibrary.org/works/OL26755050W
Python Playground,Mahesh Venkitachalam,2015,"No Starch Press, Incorporated, No Starch Press",352,eng,9781593277345,https://openlibrary.org/works/OL21093399W
Python for dummies,"Stef Maruch, Aahz Maruch",2006,"John Wiley, Wiley & Sons, Incorporated, John",432,eng,9781118085028,https://openlibrary.org/works/OL8232424W
Python in a Nutshell,"Alex Martelli, Anna Ravenscroft, Steve Holden",2002,"O'Reilly Media, O'Reilly Media, Incorporated",673,eng,9780596001889,https://openlibrary.org/works/OL6045694W
Python for Kids,Jason R. Briggs,2012,"Wydawnictwo Naukowe PWN SA, No Starch Press",319,eng,1548987840,https://openlibrary.org/works/OL17530235W
Starting out with Python,Tony Gaddis,2008,"Addison Wesley, Pearson Addison Wesley",482,eng,9780321537119,https://openlibrary.org/works/OL5825093W
Python programming,John M. Zelle,2003,"Franklin, Beedle & Associates, Incorporated, Franklin, Beedle",528,eng,9781590282977,https://openlibrary.org/works/OL6037340W
Let Us Python,Yashavant Kanetkar,2019,BPB Publications,359,eng,9389845009,https://openlibrary.org/works/OL27484186W
Python Data Science Handbook,Jake VanderPlas,2016,"O’Reilly Media, O'Reilly Media, Incorporated",548,eng,1491912057,https://openlibrary.org/works/OL19545956W
PYTHON Exercises,Ray Yao,2021,Independently Published,N/A,eng,9798456703668,https://openlibrary.org/works/OL31075011W
Michael Palin Diaries 1969-1979,Michael Palin,2006,"Weidenfeld & Nicolson, Orion Publishing Group, Limited",697,eng,0752875612,https://openlibrary.org/works/OL640392W
Python,Andy Vickler,2021,"Ladoo Publishing LLC, Independently Published",170,eng,9781955786331,https://openlibrary.org/works/OL25922425W
Python All-in-One For Dummies,"John Shovic, Alan Simpson",2019,"For Dummies, Wiley & Sons, Incorporated, John",712,eng,1119557593,https://openlibrary.org/works/OL20520768W
Data Structures and Algorithms in Python,"Michael T. Goodrich, Roberto Tamassia, Michael H Goldwasser",2012,"Wiley & Sons, Incorporated, John, Wiley Global Education US",525,eng,9781118290279,https://openlibrary.org/works/OL19548248W
Python Programming,Sarah Stewart,2019,Platinum Press LLC,180,N/A,9781951339944,https://openlibrary.org/works/OL25171735W
Python Programming Crash Course,Alex Jaxson,2022,Independently Published,N/A,eng,9798846955790,https://openlibrary.org/works/OL29179198W
Introduction To Computation And Programming Using Python,John Guttag,2013,"MIT Press, MIT Press Ltd",385,eng,0262529629,https://openlibrary.org/works/OL17575152W
